Address,latitude,longitude
"701 W Eldorado Pkwy, Little Elm, TX 75068",33.15682,-96.946172
"310 E ELdorado Pkwy, Little Elm, TX 75068",33.163412,-96.932718
"704 W Eldorado Pkwy, Little Elm, TX 75068",33.15899,-96.947902
"1900 FM 423, Little Elm, TX 75068",33.165906,-96.891631
"500 W Eldorado Pkwy #400, Little Elm, TX 75068",33.155959,-96.944092
"290 E Eldorado Pkwy, Little Elm, TX 75068",33.162467,-96.933859
"1660 FM 423, Frisco, TX 75068",33.156791,-96.892076
"417 Lakefront Dr, Little Elm, TX 75068",33.165275,-96.939092
"280 E Eldorado Pkwy Little Elm, TX 75068",33.162401,-96.934024
"199 Main St, Little Elm, TX 75068",33.162777,-96.935072
"100 W Eldorado pkwym Little Elm, TX 75068",33.15786,-96.939884
