Name,Address,Type,Description,,Image_URL
Little Elm Park,"701 W Eldorado Pkwy, Little Elm, TX 75068",Park,"""Premier North Texas recreational destination featuring the area's largest public sand beach""",,https://littleelmedc.com/wp-content/uploads/2024/07/DJI_0051_2_3_4_5-Edit-scaled.jpg
Beard Park,"310 E ELdorado Pkwy, Little Elm, TX 75068",Park,""" A lakeside, family friendly destination blending nature with local heritage""",,http://littleelmedc.com/wp-content/uploads/2024/07/DJI_0051_2_3_4_5-Edit-scaled.jpg
Little Elm Beach,"704 W Eldorado Pkwy, Little Elm, TX 75068",Lake/Park,""" A popular, man-made white sand beach known as the largest in North Texas""",,https://littleelmedc.com/wp-content/uploads/2013/08/beach-bash.jpg
McCord Park,"1900 FM 423, Little Elm, TX 75068",Park,"""38-acre, wooded community park in Little Elm""",,https://littleelmedc.com/wp-content/uploads/2024/07/McCord-Park-GO2-scaled.jpg
Leo's Brunch House ,"500 W Eldorado Pkwy #400, Little Elm, TX 75068",Restaurant,""" A brunch house located in the heart of Little Elm with savory goodness of breakfast, brunch, and lunch.""",,https://static.spotapps.co/website_images/ab_websites/90320_website/location2.jpg
Towers Tap House,"290 E Eldorado Pkwy, Little Elm, TX 75068",Restaurant,"""A restaurant and sports bar in Little Elm with challenging hgames and fun activities."" ",,https://towerstaphouse.com/assets/images/Service/Services/Towers-Tap-Houae-Little-Elm-TX.jpg
Flix Brewhouse Frisco/Little Elm,"1660 FM 423, Frisco, TX 75068",Movie theater,""" A premier cinema brewery located near the border of Little Elm and Frisco""",,https://all.web.img.acsta.net/r_2500_x/img/e0/64/e0647213e1996efcb558a0390e400584.jpg
The Cove at The Lakefront,"417 Lakefront Dr, Little Elm, TX 75068",Recreational Center,"""a 43,00 sqr foot, year round indoor waterpark located in the community rec center""",,"https://assets.simpleviewinc.com/simpleview/image/upload/c_limit,q_75,w_1200/v1/crm/denton/_DSC1536_E982E605-E4BA-B41B-3D4C660604FFA82C-e9828e74a27e8b0_e982f14e-d520-347b-0c4f3566c1809e7c.jpg"
Hydrous Wake Park,"280 E Eldorado Pkwy Little Elm, TX 75068",Park,""" A multi-location cable wakeboard training facility""",,https://lakefrontlittleelm.com/wp-content/uploads/2021/12/Hydros.jpg
Tinman Social,"199 Main St, Little Elm, TX 75068",Entertainment,""" A two-story entertainment complex located in The Lakefront District""",,https://s3-media0.fl.yelpcdn.com/bphoto/ChKFnoSzD0yfuXnsdnqZGg/o.jpg
Little Elm Public Library,"100 W Eldorado pkwym Little Elm, TX 75068",Library,""" A vibrant community hub serving Little Elm and the durrounding Denton county""",,https://www.arcgis.com/sharing/rest/content/items/95bf950855a74b1f9e709161aef53437/resources/townhall.jpg?v=1770336000071&w=800
